{
  "notes": "WireframeView prop line-lists \u00b7 drawn on the facing wall plane when a landmark cell is directly ahead. Coordinates normalized 0..1 (x right, y down). color: 0 cyan \u00b7 1 white \u00b7 2 amber.",
  "props": {
    "2": {
      "lines": [
        [
          0.2,
          0.15,
          0.2,
          0.85,
          0
        ],
        [
          0.3,
          0.15,
          0.3,
          0.85,
          0
        ],
        [
          0.4,
          0.15,
          0.4,
          0.85,
          0
        ],
        [
          0.5,
          0.15,
          0.5,
          0.85,
          0
        ],
        [
          0.6,
          0.15,
          0.6,
          0.85,
          0
        ],
        [
          0.7,
          0.15,
          0.7,
          0.85,
          0
        ],
        [
          0.8,
          0.15,
          0.8,
          0.85,
          0
        ],
        [
          0.15,
          0.15,
          0.85,
          0.15,
          0
        ]
      ]
    },
    "3": {
      "lines": [
        [
          0.2,
          0.8,
          0.8,
          0.76,
          0
        ],
        [
          0.2,
          0.7200000000000001,
          0.8,
          0.68,
          0
        ],
        [
          0.2,
          0.64,
          0.8,
          0.6,
          0
        ],
        [
          0.2,
          0.56,
          0.8,
          0.52,
          0
        ],
        [
          0.2,
          0.48000000000000004,
          0.8,
          0.44,
          0
        ],
        [
          0.2,
          0.4,
          0.8,
          0.36,
          0
        ],
        [
          0.2,
          0.32000000000000006,
          0.8,
          0.28,
          0
        ]
      ]
    },
    "4": {
      "lines": [
        [
          0.1,
          0.62,
          0.9,
          0.62,
          0
        ],
        [
          0.1,
          0.7,
          0.9,
          0.7,
          0
        ],
        [
          0.3,
          0.62,
          0.32,
          0.5,
          2
        ],
        [
          0.6,
          0.62,
          0.63,
          0.46,
          2
        ]
      ]
    },
    "5": {
      "lines": [
        [
          0.42,
          0.4,
          0.58,
          0.4,
          1
        ],
        [
          0.42,
          0.4,
          0.42,
          0.75,
          1
        ],
        [
          0.58,
          0.4,
          0.58,
          0.75,
          1
        ],
        [
          0.42,
          0.75,
          0.58,
          0.75,
          1
        ],
        [
          0.5,
          0.45,
          0.5,
          0.62,
          2
        ],
        [
          0.5,
          0.22,
          0.5,
          0.34,
          2
        ],
        [
          0.44,
          0.28,
          0.56,
          0.28,
          2
        ],
        [
          0.455,
          0.235,
          0.545,
          0.325,
          2
        ],
        [
          0.545,
          0.235,
          0.455,
          0.325,
          2
        ]
      ]
    },
    "M": {
      "lines": [
        [
          0.3,
          0.45,
          0.7,
          0.45,
          1
        ],
        [
          0.3,
          0.45,
          0.3,
          0.7,
          1
        ],
        [
          0.7,
          0.45,
          0.7,
          0.7,
          1
        ],
        [
          0.3,
          0.7,
          0.7,
          0.7,
          1
        ],
        [
          0.35,
          0.5,
          0.65,
          0.5,
          2
        ],
        [
          0.35,
          0.56,
          0.6,
          0.56,
          2
        ],
        [
          0.35,
          0.62,
          0.63,
          0.62,
          2
        ]
      ]
    }
  }
}